firstname,lastname,address,home,mobile,work,email,email2,bday,bmonth,byear,new_group,address,phone2,submit
Stephen,Abram,RU,4952582,89991234567,310,email1@test.lo,klopklopa@loop.ai,30,1,1990,,что сюда писать?,111111111111
Ansar,Ahmed,RU,3552582,89981234568,309,email2@test.lo,,29,2,1995,,что сюда писать?,111111111112
Rodney,Aspinwall,RU,3952582,89972234569,308,email3@test.lo,,28,3,2000,Jmeter Group 1,что сюда писать?,111111111113
Theresa,Baylis,RU,4445259,89963234570,307,email4@test.lo,mail@mail.ru,27,4,2005,Jmeter Group 2,что сюда писать?,111111111114
Stephen,Blair,RU,4958586,89954234571,306,email5@test.lo,,26,5,2010,,что сюда писать?,111111111115
Lee,Cull,RU,1957587,89945234572,305,email6@test.lo,123@mail.test,25,6,2015,Jmeter Group 3,что сюда писать?,111111111116
Arun,Broome,RU,2952588,89934234573,304,email7@test.lo,,24,7,2020,Jmeter Group 1,что сюда писать?,111111111117
Julie,Burley,RU,3952589,89923234574,303,email8@test.lo,,23,12,2025,Jmeter Group 2,что сюда писать?,111111111118
Ronald,Collins,RU,4952590,89910234575,302,email9@test.lo,,22,11,2050,Jmeter Group 3,что сюда писать?,111111111119
Peter,Donnelly,RU,5952591,84441234577,101,email10@test.lo,,21,10,3049,Jmeter Group 3,что сюда писать?,111111111120
Sean ,Dewberry,RU,6951392,89991234578,102,email11@test.lo,,20,9,2020,Jmeter Group 3,что сюда писать?,111111111121
Jane,Dyke,RU,7952593,95541234579,103,email12@test.lo,,3,8,2019,Jmeter Group 3,что сюда писать?,111111111122
William Dyke,Doughty,RU,8955294,91091234580,104,email13@test.lo,,4,7,2018,Jmeter Group 3,что сюда писать?,111111111123
Sarah,Ellis,RU,9952595,96641234581,105,email14@test.lo,,5,6,2017,Jmeter Group 4,что сюда писать?,111111111124
Pauline,Fox,RU,1052596,92191234582,106,email15@test.lo,,6,5,2016,Jmeter Group 4,что сюда писать?,111111111125
Martin Fox,Folland,RU,5112597,97741234583,107,email16@test.lo,,7,4,2015,Jmeter Group 4,что сюда писать?,111111111126
Stephen Hall,Hill,RU,5122598,93291234584,108,email17@test.lo,,8,3,2014,Jmeter Group 4,что сюда писать?,111111111127
John,Hall,RU,4135599,98841234585,109,email18@test.lo,,9,2,2013,Jmeter Group 5,что сюда писать?,111111111128
John,Hardy,RU,4542600,94391234586,203,email19@test.lo,noemail@sos.com,10,7,2012,Jmeter Group 5,что сюда писать?,111111111129
Mark,Hepburn,RU,6152601,99941234587,207,email20@test.lo,,11,12,2011,Jmeter Group 5,что сюда писать?,111111111130